{
    "image_width": 1792,
    "image_height": 1024,
    "svg_width": 1000,
    "svg_height": 1000,
    "scale_x": 1.792,
    "scale_y": 1.024,
    "paths": [
        {
            "d": "m 893.827,357.18674 c 3.22163,-10.11387 15.05408,-13.1904 25.08004,-10.68391 3.44316,0.86079 6.14428,3.73821 8.51091,4.52708 0.77217,0.25739 3.59674,-1.13997 4.61762,-1.26758 1.95229,-0.24404 3.90142,0.72433 5.4325,0.72433 1.8071,0 3.47909,-3.30251 5.25141,-3.89329 6.91083,-2.30361 15.08132,-2.93263 21.63945,0.81488 2.79659,1.59804 6.78363,4.86125 7.6055,8.14874 0.76047,3.04187 -9.55004,8.62638 -11.77041,8.87308 -7.39643,0.82183 -13.28286,-2.13029 -19.01374,-6.42845 -4.1925,-3.14438 0.60659,-6.88117 -6.88117,-6.88117 -0.99055,0 -3.12433,-0.47502 -4.07437,0 -4.79584,2.39792 -4.29042,7.52482 -8.23929,10.68392 -1.38572,1.10857 -3.4022,1.61695 -5.07033,2.173 -7.02924,2.34308 -12.49176,1.26957 -18.47049,-2.71625 -1.70725,-1.13817 -2.90496,-3.21804 -4.61763,-4.07438 z"
        }
    ]
}