{
    "image_width": 1792,
    "image_height": 1024,
    "svg_width": 1000,
    "svg_height": 1000,
    "scale_x": 1.792,
    "scale_y": 1.024,
    "paths": [
        {
            "d": "m 292.12652,732.49635 c 33.56991,33.15061 61.16795,-0.16585 109.00243,5.81346 39.98253,4.99782 55.2279,42.02333 55.2279,79.93512 0,3.13201 -7.44008,19.53381 -5.81346,20.34712 6.09691,3.04846 29.07483,9.44312 36.33414,5.81347 12.89976,-6.44988 -11.62692,-45.39813 -11.62692,-61.04137 0,-16.08386 6.49138,-30.6182 -1.45337,-46.5077 -10.50831,-21.01662 -36.38514,4.33459 -50.8678,-2.90673 -33.61263,-16.80632 -130.80292,-54.47516 -130.80292,-1.45337 z"
        }
    ]
}