{
    "image_width": 1792,
    "image_height": 1024,
    "svg_width": 1000,
    "svg_height": 1000,
    "scale_x": 1.792,
    "scale_y": 1.024,
    "paths": [
        {
            "d": "m 119.37079,4.3146067 c 181.25678,10.9943723 362.55467,2.8764045 543.64045,2.8764045 139.53623,0 275.0821,1.4382023 412.76406,1.4382023 117.6037,0 234.7251,0 352.3595,0 51.7922,0 329.9938,-18.3738989 360.9888,-2.8764045 5.8955,2.9477436 -32.2447,42.91644 -34.5169,47.460674 -16.9972,33.994532 -132.8109,17.258427 -171.146,17.258427 -33.5105,0 -345.1576,7.904609 -349.4832,10.067416 -12.5334,6.266696 -33.9796,10.067416 -48.8988,10.067416 -51.7134,0 -142.4062,-18.331037 -186.96634,-7.191012 C 946.26415,96.377782 807.73889,97.532367 759.37079,73.348315 723.53714,55.431493 647.0765,74.786517 606.92135,74.786517 c -13.96796,0 -160.02836,4.702514 -139.50562,-15.820225 2.37291,-2.372913 -6.71161,0 -10.06742,0 -12.0785,0 -23.86674,-1.438202 -35.95505,-1.438202 -24.19653,0 -69.2647,-9.665013 -96.35955,-18.696629 C 269.4141,20.291591 167.54013,42.850085 119.37079,4.3146067 Z"
        }
    ]
}